duration,distance,pickup_longitude,pickup_latitude,dropoff_longitude,dropoff_latitude
00:10:53,8208,-0.15430911852366475,51.46653373109593,-0.256472,51.467222
00:53:12,58878,0.23450334940878365,51.69062686771968,-0.256472,51.467222
00:37:49,40912,-0.11254623219665771,51.68727820732173,-0.256472,51.467222
00:19:31,14080,-0.09081802342809092,51.47146056977301,-0.256472,51.467222
00:19:28,19309,-0.33704134186674045,51.36224959300078,-0.256472,51.467222
00:52:01,48298,0.19992769047369024,51.3211714154659,-0.256472,51.467222
00:43:13,37532,0.18039548200892125,51.475202433898154,-0.256472,51.467222
00:50:14,43107,0.1873125363561196,51.60933595191258,-0.256472,51.467222
00:35:53,28496,0.09197711696806482,51.445015573830304,-0.256472,51.467222
00:32:49,25007,0.026514735285250446,51.40030009968716,-0.256472,51.467222
00:22:30,20796,0.016037389659320278,51.605686636138266,-0.2141,51.6505
00:40:28,43684,0.2250856678588497,51.51451563557697,-0.2141,51.6505
00:47:14,69727,0.16601201485742495,51.47257773791713,-0.2141,51.6505
00:42:11,64751,0.24997607389425752,51.43782847899497,-0.2141,51.6505
00:39:15,33745,0.04153374763521028,51.457532387022745,-0.2141,51.6505
00:45:06,67207,0.19447367078500394,51.43057349398434,-0.2141,51.6505
00:45:01,38555,0.0687868550167618,51.42792063342257,-0.2141,51.6505
00:29:58,29938,0.0571559666926546,51.52504742072598,-0.2141,51.6505
00:22:31,20799,0.014625427967192517,51.60608810176972,-0.2141,51.6505
00:28:24,22913,-0.025921564051586077,51.53651700408465,-0.2141,51.6505
00:09:21,7548,-0.025190270475627108,51.339775118751355,-0.031777,51.38213
00:30:30,25571,0.06770074828436717,51.50985298244155,-0.031777,51.38213
00:41:32,51888,0.21435727225090145,51.603978289847106,-0.031777,51.38213
00:29:50,25075,0.07091312885656881,51.51674171786251,-0.031777,51.38213
00:34:09,29388,-0.3699121347101912,51.33224678719437,-0.031777,51.38213
00:09:26,7728,0.05992092282477263,51.35802994231695,-0.031777,51.38213
00:52:05,44398,-0.3264510249545536,51.63563319517418,-0.031777,51.38213
00:34:17,30822,-0.37834437367605533,51.35406643947671,-0.031777,51.38213
00:39:24,35751,0.17151703313313565,51.57462766885519,-0.031777,51.38213
00:24:28,18620,-0.21407096267261982,51.43819665433503,-0.031777,51.38213
00:23:20,19766,-0.09795848029704546,51.36726246490749,-0.3078,51.4328
00:52:33,48247,0.2537792149126496,51.379989138038574,-0.3078,51.4328
00:12:27,9598,-0.30155217861785666,51.36193801654654,-0.3078,51.4328
00:23:17,19430,-0.4356251464155382,51.317693707038615,-0.3078,51.4328
00:45:21,45902,0.09060100770278173,51.57462920811553,-0.3078,51.4328
00:44:13,34546,0.09967992428979427,51.49932880578613,-0.3078,51.4328
00:38:00,36545,-0.03404478811428968,51.62547463094125,-0.3078,51.4328
00:27:01,21777,-0.06739092685694409,51.434568035293715,-0.3078,51.4328
00:20:41,16725,-0.12253030540072118,51.45188945944005,-0.3078,51.4328
00:34:59,32948,-0.09687493710577189,51.639979842886696,-0.3078,51.4328
00:41:26,32213,-0.05995558843506199,51.32665289877636,-0.268622,51.531145
00:40:45,42234,0.19766996884974425,51.58207062623928,-0.268622,51.531145
00:47:13,52148,0.2293711153733035,51.7087892917367,-0.268622,51.531145
00:26:44,23981,-0.45965280997122027,51.648067511330815,-0.268622,51.531145
00:21:12,16481,-0.11388749893704503,51.47287726819069,-0.268622,51.531145
00:50:55,46447,0.2136837659094452,51.35826627011666,-0.268622,51.531145
00:27:56,23596,-0.4619264122056378,51.4021054942895,-0.268622,51.531145
00:46:54,38330,0.09821555870670168,51.369636726976964,-0.268622,51.531145
00:40:04,31326,-0.11408359253967248,51.31977638359383,-0.268622,51.531145
00:07:20,4847,-0.21740924751294044,51.52480463841368,-0.268622,51.531145
00:33:28,31965,-0.20478533214602213,51.70731961859912,-0.2195,51.4871
00:26:11,19415,-0.10508951892133334,51.35552532113689,-0.2195,51.4871
00:23:56,17383,-0.011336857823747937,51.52424401045445,-0.2195,51.4871
00:40:41,44395,-0.04643485829232552,51.6934027179379,-0.2195,51.4871
00:21:43,19942,-0.3100487099626181,51.357758536374845,-0.2195,51.4871
00:11:08,7379,-0.2545507941354911,51.44836304693877,-0.2195,51.4871
00:36:57,28694,0.009954016936356835,51.638585347652764,-0.2195,51.4871
00:11:28,8188,-0.14533683739245906,51.463443855691395,-0.2195,51.4871
00:52:58,47488,0.20832877819064183,51.32026308562788,-0.2195,51.4871
00:31:17,24925,-0.15961298445994854,51.65018688027466,-0.2195,51.4871
00:25:17,20857,-0.17236004349499123,51.53606798338348,-0.103747,51.666687
00:24:45,23677,0.03459820675183606,51.53274212869358,-0.103747,51.666687
00:24:00,22845,0.13033277448048758,51.63163630308726,-0.103747,51.666687
00:17:21,14331,-0.05498334776267416,51.56663527136957,-0.103747,51.666687
01:00:06,46067,-0.07616705448341154,51.30947629682663,-0.103747,51.666687
00:55:34,83528,-0.4303708624768291,51.30274126986056,-0.103747,51.666687
00:23:35,24816,0.05730341683534729,51.53723452613435,-0.103747,51.666687
00:15:06,19065,-0.265402339227587,51.61762818773189,-0.103747,51.666687
00:26:01,29866,-0.39921648410509797,51.61811232240294,-0.103747,51.666687
00:15:31,12969,-0.0755756348533817,51.57444043055793,-0.103747,51.666687
00:45:43,50698,0.27379668867727164,51.52762334522745,-0.182,51.484
00:28:39,32274,-0.4455058032273962,51.3161366204172,-0.182,51.484
00:19:29,14586,-0.10197179038543358,51.38699661902753,-0.182,51.484
00:26:43,20802,-0.1353265980371937,51.32995819789418,-0.182,51.484
00:26:28,19171,0.0023879970117934857,51.564026228814804,-0.182,51.484
00:28:28,32028,-0.4596333772388378,51.324421055830484,-0.182,51.484
00:22:16,18619,-0.23564568012414966,51.361103287993096,-0.182,51.484
00:37:09,33509,0.07286556936848038,51.64685530516674,-0.182,51.484
00:14:13,11900,-0.28506109356956544,51.53369959024256,-0.182,51.484
00:37:11,29901,0.10439165288200508,51.62118582225493,-0.182,51.484
00:40:05,28477,-0.07727177202709129,51.62008121563737,-0.111132,51.389461
00:49:25,44419,-0.16877793556381882,51.70412556521874,-0.111132,51.389461
00:24:20,18028,-0.04489594748521092,51.522404322172825,-0.111132,51.389461
00:16:46,13209,-0.23533614757101162,51.346585180979,-0.111132,51.389461
00:20:22,18384,0.058235603900342825,51.33050693072986,-0.111132,51.389461
00:27:36,27235,0.16139402033209832,51.3105399666952,-0.111132,51.389461
00:46:12,57290,0.243349778883925,51.59013339348635,-0.111132,51.389461
00:43:27,35391,-0.20795572398726497,51.6378618486945,-0.111132,51.389461
00:20:34,18919,-0.32048333366117254,51.368953896659825,-0.111132,51.389461
00:14:47,11552,-0.16118073301675462,51.47350771755661,-0.111132,51.389461
00:27:01,18920,-0.1107428741384438,51.31114167302065,-0.080825,51.458762
00:32:31,28090,0.033921047569511364,51.635205284951546,-0.080825,51.458762
00:35:24,32138,0.17513510858971965,51.30736762081419,-0.080825,51.458762
00:29:37,22446,-0.32249566779518146,51.50975807486593,-0.080825,51.458762
00:44:02,39767,-0.4646503952388406,51.60558290536036,-0.080825,51.458762
00:31:37,33320,0.26179207592863535,51.33309024817121,-0.080825,51.458762
00:47:39,41815,0.25137747493649704,51.65988074751179,-0.080825,51.458762
00:29:39,25780,0.054438194656195094,51.59219068578556,-0.080825,51.458762
00:28:55,19713,-0.17347290104213986,51.587884148410346,-0.080825,51.458762
00:33:12,26277,-0.30890017406333536,51.3146778074294,-0.080825,51.458762
00:34:28,27141,-0.015633245498445802,51.50535892895361,-0.34571,51.507756
00:36:49,28821,0.0011718598129965563,51.52031403062144,-0.34571,51.507756
00:30:27,26571,-0.3271391233464695,51.70622541759067,-0.34571,51.507756
00:27:30,22293,-0.11545523629988458,51.4349670842907,-0.34571,51.507756
00:34:42,34695,0.023643537139501458,51.60660717489145,-0.34571,51.507756
00:55:05,56738,0.21476053730037786,51.707792161562146,-0.34571,51.507756
00:32:58,33792,-0.16767572601962716,51.708069832042135,-0.34571,51.507756
00:29:08,23685,-0.17639900197504332,51.38330878125992,-0.34571,51.507756
00:41:23,39903,0.10808079140077737,51.59435245172304,-0.34571,51.507756
00:10:04,8214,-0.3630600788261323,51.55297567561455,-0.34571,51.507756
00:24:51,20348,-0.3062344257748731,51.38969198399228,-0.118333,51.498056
00:31:41,27674,-0.47373846600302333,51.470607757277406,-0.118333,51.498056
00:42:04,38609,0.17681512193310206,51.69230092154496,-0.118333,51.498056
00:30:21,28687,-0.4468802905202202,51.47457290662869,-0.118333,51.498056
00:32:41,29289,-0.4096907652751191,51.60337852144218,-0.118333,51.498056
00:20:55,16401,-0.31163089293885926,51.51937830715541,-0.118333,51.498056
00:28:50,23994,-0.42205434393192004,51.458758413870186,-0.118333,51.498056
00:15:17,9984,-0.07961556012332,51.42746754859036,-0.118333,51.498056
00:30:35,25790,-0.22541096737977973,51.31247651738088,-0.118333,51.498056
00:27:43,21656,-0.13451599513755974,51.32356474529774,-0.118333,51.498056
00:08:40,6460,-0.20229142256623395,51.65249127849157,-0.1763,51.6056
00:43:56,57508,-0.4154733117223054,51.307867537058634,-0.1763,51.6056
00:30:15,31347,0.19896053653146845,51.5730449026978,-0.1763,51.6056
00:17:16,14655,-0.24447558496786376,51.52042571204234,-0.1763,51.6056
00:31:48,24362,-0.1435305723961769,51.428553551155105,-0.1763,51.6056
00:38:46,35028,-0.3123886684330444,51.374206227641,-0.1763,51.6056
00:35:08,28620,0.06506443077720686,51.466781060429916,-0.1763,51.6056
00:12:33,13197,-0.30347441359348826,51.61766079552247,-0.1763,51.6056
00:33:41,26031,-0.12777870024203236,51.41674513521507,-0.1763,51.6056
00:25:32,24398,-0.31524008128309167,51.45069557287804,-0.1763,51.6056
00:33:31,42441,-0.24657793311984502,51.6815334810381,0.1105,51.5763
00:37:21,44805,-0.38030816553297697,51.66827589526541,0.1105,51.5763
00:15:26,15866,0.06738203110071145,51.660195978499985,0.1105,51.5763
00:58:45,58131,-0.4736548343037475,51.31744016603156,0.1105,51.5763
00:39:49,41693,-0.31452885486664184,51.495614499099766,0.1105,51.5763
00:23:12,24866,0.0035188695003279258,51.70202270958656,0.1105,51.5763
00:37:53,40819,-0.3559871325431946,51.602027201533765,0.1105,51.5763
00:13:12,12391,0.23929699842854862,51.62775157602518,0.1105,51.5763
00:42:41,35786,-0.22616645888811981,51.40781289249596,0.1105,51.5763
00:25:59,29432,0.17913377173151218,51.448646743510764,0.1105,51.5763
00:33:52,30897,-0.37194280296744436,51.36914286912031,-0.1205,51.5225
00:34:43,30832,-0.33633210154252546,51.70248901482897,-0.1205,51.5225
00:40:57,40915,0.2846527310585219,51.386756973793986,-0.1205,51.5225
00:14:37,10354,-0.15532983364186975,51.45545187684547,-0.1205,51.5225
00:20:21,12749,-0.016287609792221158,51.59082138345032,-0.1205,51.5225
00:28:31,25744,-0.41205236444462057,51.578252360222294,-0.1205,51.5225
00:34:42,28543,-0.39829126321405783,51.42364158793835,-0.1205,51.5225
00:22:27,16312,0.03796573063392422,51.46060825885249,-0.1205,51.5225
00:37:59,36539,0.22426676793185402,51.68764733038428,-0.1205,51.5225
00:27:20,22935,-0.3270918110872565,51.62795527160121,-0.1205,51.5225
00:15:52,11449,0.04484785532350949,51.54975878067011,-0.086944,51.503333
00:36:48,30860,-0.40254776602863523,51.5948805368121,-0.086944,51.503333
00:33:36,29875,0.14158489613424968,51.33306141882821,-0.086944,51.503333
00:38:21,37757,-0.4116007599951783,51.64588178673808,-0.086944,51.503333
00:30:59,28116,-0.36736455390785305,51.37143967767448,-0.086944,51.503333
00:22:59,16655,-0.14172566772491846,51.37997505333308,-0.086944,51.503333
00:31:31,33185,0.27268131910206034,51.43664082803245,-0.086944,51.503333
00:31:31,30575,0.24325030707766165,51.38239272316814,-0.086944,51.503333
00:20:34,14973,0.07901043199019181,51.49151853630694,-0.086944,51.503333
00:36:17,36209,-0.40328416355721697,51.670428006594335,-0.086944,51.503333
00:29:26,26316,-0.012084473840149601,51.619655386245356,-0.2369,51.5163
00:30:54,28175,-0.2420491908333963,51.31579010892819,-0.2369,51.5163
00:32:54,24560,-0.17375887023561737,51.33486328612768,-0.2369,51.5163
00:19:33,14360,-0.1034633075127172,51.4659565814157,-0.2369,51.5163
00:47:26,37598,0.12565481714054288,51.33836450935057,-0.2369,51.5163
00:23:01,19275,-0.21225062651859866,51.63920239348425,-0.2369,51.5163
00:28:37,23951,-0.42059797550099554,51.648259029480954,-0.2369,51.5163
00:35:32,27255,0.029792773393095995,51.40906789048152,-0.2369,51.5163
00:42:23,39926,0.2529644821442038,51.50342867115329,-0.2369,51.5163
00:26:30,22957,-0.4353817392300547,51.396015213080574,-0.2369,51.5163
00:47:58,62932,-0.19292230863115772,51.331527828037906,-0.483,51.607
00:17:30,15606,-0.45989004301550374,51.48982291712795,-0.483,51.607
00:24:57,24246,-0.369493674166493,51.45422460038883,-0.483,51.607
00:54:20,48946,-0.014132187309008726,51.37784342917519,-0.483,51.607
01:00:32,57287,0.13580080454044968,51.47109332686949,-0.483,51.607
01:07:28,96661,0.2130812924001238,51.31998545678996,-0.483,51.607
00:14:43,13186,-0.3405950447144561,51.602824589308504,-0.483,51.607
00:48:10,50276,0.11377699239670053,51.58424701504791,-0.483,51.607
00:31:54,39013,-0.34161275378194306,51.4052718017932,-0.483,51.607
00:12:57,9713,-0.4334793772703553,51.66653664136104,-0.483,51.607
00:24:20,18379,-0.02417522742122674,51.605934650557906,-0.14973,51.51968
00:19:42,13889,-0.002934424632755339,51.47394779452211,-0.14973,51.51968
00:10:16,7564,-0.19122437045749807,51.47570017027812,-0.14973,51.51968
00:39:51,31658,-0.012677315969146952,51.30156771704276,-0.14973,51.51968
00:19:52,15104,-0.3126467243956742,51.580746276473086,-0.14973,51.51968
00:33:26,30599,-0.37357093808037567,51.37795999783419,-0.14973,51.51968
00:29:59,22704,0.09219796519214579,51.50516924537963,-0.14973,51.51968
00:10:31,8818,-0.2506254910482702,51.52348015294348,-0.14973,51.51968
00:21:39,15156,-0.019636783689521875,51.59531841111744,-0.14973,51.51968
00:37:51,33076,0.2686582625458092,51.52817467698862,-0.14973,51.51968
00:38:38,33730,-0.1918759201834614,51.337627519140355,-0.461111,51.525833
00:53:18,81771,0.19196855395538343,51.2989024042985,-0.461111,51.525833
00:33:52,35133,-0.13711815935904692,51.64060617584652,-0.461111,51.525833
00:09:50,7990,-0.3639151063041688,51.51372387279729,-0.461111,51.525833
00:17:17,17339,-0.2894017943267553,51.55671721897974,-0.461111,51.525833
00:25:21,26575,-0.2260039982592879,51.43605451622027,-0.461111,51.525833
00:54:20,49637,0.047098287515291826,51.345710960320105,-0.461111,51.525833
00:52:00,46914,0.05074181258636529,51.420012042918756,-0.461111,51.525833
00:21:20,19651,-0.2797089535058467,51.57968428731593,-0.461111,51.525833
00:13:30,10665,-0.3370681412942992,51.517610586571344,-0.461111,51.525833
00:19:30,17253,0.014421482968024979,51.43757532349816,-0.04831,51.55041
00:43:19,46146,-0.42415419428333756,51.613437691798886,0.112,51.58
00:50:55,44351,-0.2939725379666901,51.36677614020987,0.112,51.58
00:41:58,35708,-0.05143106772980327,51.37804052084211,0.112,51.58
00:30:20,25897,-0.04949296019772753,51.440341347078586,0.112,51.58
00:51:00,45166,-0.2562813526559353,51.35982869986306,0.112,51.58
00:28:37,23909,-0.05136473526836616,51.4595001637292,0.112,51.58
00:25:45,34839,0.184994960333197,51.43611125418102,0.112,51.58
00:53:19,52668,-0.35965087260093775,51.41371348661219,0.112,51.58
00:27:12,34059,0.16589483180877046,51.455880745643356,0.112,51.58
00:54:14,51035,-0.3661536731163425,51.342442946414245,0.112,51.58
00:28:42,20457,0.10196659688853899,51.566446447847,-0.0938,51.468
00:17:49,10737,-0.013214013587500517,51.52082878125162,-0.0938,51.468
00:07:52,4638,-0.10479645464897591,51.43780274280218,-0.0938,51.468
00:37:12,36861,-0.4088912306572515,51.68207716520018,-0.0938,51.468
00:30:15,29089,0.2419697193269002,51.38711231462451,-0.0938,51.468
00:29:35,23944,0.08028063263360535,51.59414372767788,-0.0938,51.468
00:27:45,25148,0.19960367383760863,51.419860076317114,-0.0938,51.468
00:28:58,22609,0.027447179670847144,51.61223620335353,-0.0938,51.468
00:26:20,21064,0.09709553866900994,51.54780665938515,-0.0938,51.468
00:07:07,4319,-0.043315912491416586,51.47455440857447,-0.0938,51.468
00:41:35,32174,0.09298080457150953,51.508236220908614,-0.2816,51.4145
00:58:56,50570,0.1932107206641533,51.645516249064514,-0.2816,51.4145
00:09:12,6618,-0.2938426586633186,51.44390803616448,-0.2816,51.4145
00:47:15,40399,0.13330789526369008,51.59000051474327,-0.2816,51.4145
00:42:09,32794,0.1185101824835641,51.481654203838445,-0.2816,51.4145
00:22:03,17480,-0.1192320152056402,51.504314719987825,-0.2816,51.4145
00:46:20,46772,0.28413159644714087,51.440470671531806,-0.2816,51.4145
00:39:05,34329,-0.4050082898855871,51.628687307799616,-0.2816,51.4145
00:50:04,43257,0.20767072723591679,51.54836565102587,-0.2816,51.4145
00:17:59,14227,-0.3850843775876883,51.48183493913394,-0.2816,51.4145
00:38:22,34251,-0.40728703750924944,51.62201925795062,-0.1231,51.4666
00:36:42,36331,-0.4076411821085623,51.673492851216366,-0.1231,51.4666
00:03:56,2935,-0.14179992370038103,51.44959340989545,-0.1231,51.4666
00:15:24,13093,-0.2603471431955848,51.4157162009865,-0.1231,51.4666
00:33:44,25981,-0.3248183759098502,51.61303826737428,-0.1231,51.4666
00:26:43,19567,0.06725750255294544,51.401139983834675,-0.1231,51.4666
00:20:38,15003,0.02304550001200828,51.548502385807616,-0.1231,51.4666
00:10:30,6525,-0.08268550466751223,51.431217419164895,-0.1231,51.4666
00:25:28,23787,-0.3350002890142664,51.33105007829395,-0.1231,51.4666
00:33:09,30630,-0.4384843712984252,51.55340767323762,-0.1231,51.4666
00:21:24,15461,0.05144800298492341,51.519349053348584,-0.091111,51.468889
00:32:26,26001,-0.39836314268125217,51.39946566305802,-0.091111,51.468889
00:32:25,27705,-0.41492743104467766,51.53544385023233,-0.091111,51.468889
00:27:06,21078,0.020040777311456814,51.60336385263489,-0.091111,51.468889
00:39:15,37790,0.19503077242986994,51.662216015232886,-0.091111,51.468889
00:23:45,17224,-0.15330615135508974,51.349482112990366,-0.091111,51.468889
00:14:28,9855,-0.024893153903650656,51.40921505103216,-0.091111,51.468889
00:39:18,35276,0.13180052331256015,51.641366648786175,-0.091111,51.468889
00:29:29,29601,0.2609474419676577,51.435564647180556,-0.091111,51.468889
00:26:34,22745,-0.35266784683788843,51.53815330117899,-0.091111,51.468889
00:39:47,32972,-0.3729886100178819,51.53192366030593,0.043042,51.52475
00:35:21,30303,0.08688912373383434,51.33157495920606,0.043042,51.52475
00:48:09,42794,-0.34694888229620974,51.32635416815965,0.043042,51.52475
00:23:03,16641,-0.08676602218003404,51.452152330308124,0.043042,51.52475
00:50:10,47460,-0.4694875103345337,51.3415780117581,0.043042,51.52475
00:39:31,45582,-0.22256136383396402,51.70278537884394,0.043042,51.52475
00:22:25,15647,-0.06280271011554583,51.45007913037007,0.043042,51.52475
00:46:59,37402,-0.18789307672193595,51.30295828210428,0.043042,51.52475
00:47:03,35948,-0.2502441621770958,51.32670586944578,0.043042,51.52475
00:55:38,53030,-0.43740633854573785,51.303256263795625,0.043042,51.52475
00:23:11,14454,-0.068285749362679,51.416562369964446,-0.09,51.527222
00:19:33,13192,-0.003756698522312363,51.44548308675974,-0.09,51.527222
00:35:52,32413,0.1321205447431371,51.334281890642856,-0.09,51.527222
00:28:21,20979,-0.1300018712470602,51.362189851990365,-0.09,51.527222
00:29:27,26293,-0.335321917339811,51.66599630270799,-0.09,51.527222
00:32:48,34629,0.15452207152076852,51.35137932022799,-0.09,51.527222
00:33:16,34473,0.23428074046766262,51.40211905725511,-0.09,51.527222
00:24:50,24872,0.11698095008508086,51.6339067059177,-0.09,51.527222
00:16:13,9831,-0.07700221240113397,51.453423273894536,-0.09,51.527222
00:33:08,31503,0.14131152720764945,51.69120939688324,-0.09,51.527222
00:42:51,51260,0.12513640047602986,51.632310920830506,-0.4447,51.6168
00:47:39,51312,0.10661816001076058,51.51607473490621,-0.4447,51.6168
00:22:23,20874,-0.1810925080295926,51.63124781249149,-0.4447,51.6168
01:02:13,54983,0.08561841039318546,51.37892232003339,-0.4447,51.6168
00:19:03,18740,-0.2559540568919515,51.648793882757225,-0.4447,51.6168
00:20:27,19038,-0.280499805407449,51.667950590766864,-0.4447,51.6168
01:09:56,98060,0.2529191027945568,51.33335640671608,-0.4447,51.6168
00:31:10,32092,-0.0676994334268548,51.60770848376138,-0.4447,51.6168
00:11:05,10233,-0.35183964293383774,51.57405948417414,-0.4447,51.6168
01:03:54,86913,0.23252589637728088,51.403015783648506,-0.4447,51.6168
00:30:19,25680,-0.30868695280308445,51.382411274405946,-0.121944,51.522222
00:26:46,20278,0.0925948203574421,51.61276024952623,-0.121944,51.522222
00:19:09,15873,-0.3066843719263759,51.52562190951616,-0.121944,51.522222
00:41:10,35500,0.258088396363266,51.658524593591345,-0.121944,51.522222
00:33:49,33374,-0.47826145923755553,51.61290500875613,-0.121944,51.522222
00:28:50,28429,-0.17488636556362908,51.685059585507815,-0.121944,51.522222
00:24:34,19411,0.09209224081264661,51.57749902922847,-0.121944,51.522222
00:35:18,31148,0.24560217739893958,51.55269178927803,-0.121944,51.522222
00:24:16,20528,0.12382532312776023,51.51914629960946,-0.121944,51.522222
00:07:36,4240,-0.09550193939057172,51.54787523950419,-0.121944,51.522222
00:39:11,37070,-0.26623751170977017,51.40908714123769,-0.07379,51.6145
00:14:06,14087,0.04320210130293406,51.649910760737015,-0.07379,51.6145
00:28:45,29648,0.2693428041182045,51.558661932616545,-0.07379,51.6145
00:37:52,36180,-0.2758602558631893,51.41611021232758,-0.07379,51.6145
00:21:49,23167,0.13628091028151118,51.54366132734608,-0.07379,51.6145
00:21:14,23544,0.18554133506460607,51.57535836569359,-0.07379,51.6145
00:48:33,36095,-0.06457608011161492,51.33782174827312,-0.07379,51.6145
00:16:47,12252,-0.09049200236641824,51.52824427030945,-0.07379,51.6145
00:08:01,7576,-0.07222278474273619,51.666204195340335,-0.07379,51.6145
00:35:22,36972,-0.43241581443408794,51.46908075143747,-0.07379,51.6145
00:17:37,12370,-0.43642766330309235,51.53491377170227,-0.322,51.576
00:14:58,10858,-0.2267155674788952,51.62522483186556,-0.322,51.576
00:28:50,23326,-0.3411408187618413,51.40901558534377,-0.322,51.576
00:57:55,53092,0.23730967919699802,51.383948026578324,-0.322,51.576
00:38:25,35060,-0.009346553091218956,51.5555415605832,-0.322,51.576
00:57:07,48585,0.18891091539761667,51.40257728897813,-0.322,51.576
00:46:35,57736,0.20733357090458643,51.705059931574155,-0.322,51.576
00:18:37,14259,-0.36299962491182025,51.48290507189394,-0.322,51.576
00:26:18,21830,-0.12236344229520646,51.50079402542326,-0.322,51.576
00:47:35,37701,0.0421547661783675,51.42853777596157,-0.322,51.576
00:50:26,45209,-0.1486616614466758,51.66804157140383,0.053611,51.365278
00:12:58,11073,0.09149993167163878,51.427100421878336,0.053611,51.365278
00:54:51,48377,-0.44189977634817185,51.56044025841563,0.053611,51.365278
00:48:31,42839,-0.4426301288683981,51.466185137914664,0.053611,51.365278
00:30:33,23651,-0.17578018022470948,51.477422719313466,0.053611,51.365278
00:29:06,42589,0.15340076552744725,51.29863955405485,0.053611,51.365278
00:19:36,14331,-0.05201745307216793,51.45133468546126,0.053611,51.365278
00:38:35,50062,0.2117919633791145,51.64672174755413,0.053611,51.365278
00:27:26,39663,0.27357751688993165,51.593290929176916,0.053611,51.365278
00:17:52,15673,-0.12947179481388088,51.3351684825102,0.053611,51.365278
00:06:00,3255,-0.2531520545632608,51.53264343796457,-0.2373,51.5161
00:38:11,30171,-0.0367048299225779,51.31631245736738,-0.2373,51.5161
00:29:02,25300,-0.2681159251180978,51.34781683954901,-0.2373,51.5161
00:37:00,31311,0.1314135762942759,51.44482598373009,-0.2373,51.5161
00:47:50,53733,0.16392228819777316,51.70264814822626,-0.2373,51.5161
00:19:31,17431,-0.3972995032748608,51.48869756684346,-0.2373,51.5161
00:30:49,23697,-0.014143529947583333,51.424551826653776,-0.2373,51.5161
00:26:10,22090,-0.34006547912989293,51.667186327482305,-0.2373,51.5161
00:27:09,32110,-0.3810257385323423,51.697673654131464,-0.2373,51.5161
00:58:21,56875,0.20732392870642896,51.300800908403474,-0.2373,51.5161
00:10:52,9017,-0.014526365743430247,51.50486022986676,0.0511,51.4789
00:48:57,40777,-0.43390991252190314,51.409740840796225,0.0511,51.4789
00:36:53,33208,0.042739610901453895,51.69882783026451,0.0511,51.4789
00:32:14,29393,-0.05932959380961428,51.654357393144096,0.0511,51.4789
00:41:23,38367,-0.23256407972150442,51.69183834612809,0.0511,51.4789
00:25:15,24724,-0.04228757060205529,51.613850171284675,0.0511,51.4789
00:54:30,48715,-0.3931617945415675,51.29936991730088,0.0511,51.4789
00:19:02,21682,0.28715675243438027,51.441946435637654,0.0511,51.4789
00:48:31,49735,-0.3704885468748327,51.70599178802742,0.0511,51.4789
00:42:55,36422,-0.2109347601426152,51.70592595859159,0.0511,51.4789
00:38:18,27280,-0.010912867273982663,51.5828502529639,-0.2422,51.4553
00:18:50,14977,-0.3966503248024872,51.471325699397894,-0.2422,51.4553
00:14:05,12373,-0.24588516656001608,51.365258323856224,-0.2422,51.4553
00:26:16,21936,-0.29140839166606747,51.60046304799947,-0.2422,51.4553
00:49:58,52329,0.2776614502827434,51.34568833802224,-0.2422,51.4553
00:20:26,17908,-0.4389644215191482,51.439758974662105,-0.2422,51.4553
00:41:20,36261,0.18305401943502436,51.405031095244745,-0.2422,51.4553
00:22:12,19705,-0.4567765005695175,51.44290948364024,-0.2422,51.4553
00:46:01,44281,0.2703684923376806,51.40915085252284,-0.2422,51.4553
00:21:47,19137,-0.4466287916746601,51.457485738451396,-0.2422,51.4553
00:30:42,30226,-0.004996201822230706,51.61098231140825,0.1014,51.4189
00:23:44,19055,-0.11733446534234954,51.38988002164109,0.1014,51.4189
00:50:09,41805,-0.39887390860322147,51.46706777966893,0.1014,51.4189
00:11:28,8012,0.08577431488679838,51.47644034134696,0.1014,51.4189
00:48:50,41331,-0.3759318987335589,51.53950353463805,0.1014,51.4189
00:43:09,35614,-0.3038453587900455,51.535764982100325,0.1014,51.4189
00:41:40,60212,0.025639738587999117,51.698341676631365,0.1014,51.4189
00:46:28,41820,-0.1276399734304759,51.70024259734918,0.1014,51.4189
00:06:21,5095,0.05805715904988179,51.39419027893756,0.1014,51.4189
00:26:16,37891,0.23457065185152998,51.594030372997295,0.1014,51.4189
00:16:48,16378,0.22638635283262548,51.68060250900002,0.1789,51.5691
00:17:19,16283,-0.009675618029743427,51.57033728870888,0.1789,51.5691
00:50:04,43045,-0.30141748392627316,51.40870399470764,0.1789,51.5691
00:37:04,46785,0.07089216771694412,51.31171380636619,0.1789,51.5691
00:51:44,44123,-0.30558666061172446,51.3999424410785,0.1789,51.5691
00:50:09,43934,-0.34947933351641713,51.46749543537551,0.1789,51.5691
00:09:13,7854,0.18976228623024244,51.51754941209274,0.1789,51.5691
00:38:02,43820,0.23271310250648597,51.347208829524625,0.1789,51.5691
00:19:13,17672,0.04975217423605366,51.644469491920354,0.1789,51.5691
00:19:23,18756,-0.04303927723666007,51.59850543493073,0.1789,51.5691
00:41:59,36649,0.14372034403705108,51.55535716149776,-0.300333,51.46675
00:39:00,42831,0.08212977097772639,51.638452981889515,-0.300333,51.46675
00:37:00,39467,0.05708397477107746,51.61324885839593,-0.300333,51.46675
00:33:05,38019,-0.4068348434451348,51.704320486800775,-0.300333,51.46675
00:51:07,56084,0.2296339691924702,51.65838154318772,-0.300333,51.46675
00:43:34,41477,0.014377680613205546,51.70339403780595,-0.300333,51.46675
00:21:08,18584,-0.40399448303338437,51.336142023575626,-0.300333,51.46675
00:25:16,21770,-0.3260193668263228,51.63733363505764,-0.300333,51.46675
00:55:45,70765,0.16494121285887814,51.66969544060327,-0.300333,51.46675
00:36:36,29637,-0.0873357560704241,51.310658612876864,-0.300333,51.46675
00:01:22,895,-0.17744878187830926,51.48907657398971,-0.1707,51.4894
00:26:50,23080,-0.19785057432812747,51.317738970376844,-0.1707,51.4894
00:28:25,24295,0.10604153101477781,51.55094531350421,-0.1707,51.4894
00:40:34,39012,0.1714962720966408,51.64835654905142,-0.1707,51.4894
00:20:51,13103,-0.04450711422713416,51.54678660472137,-0.1707,51.4894
00:18:14,15422,-0.3559003083112182,51.45613577301643,-0.1707,51.4894
00:13:44,10296,-0.15926983918216653,51.41565501350383,-0.1707,51.4894
00:22:23,16281,0.014885065677699705,51.549246198016625,-0.1707,51.4894
00:11:47,7965,-0.12519672678353988,51.53660555146847,-0.1707,51.4894
00:30:06,23424,0.04681972962605835,51.398844929203506,-0.1707,51.4894
00:35:06,34345,0.15846371242675844,51.30145554131621,-0.05875,51.517972
00:34:54,27628,-0.29654640510234065,51.35203013684778,-0.05875,51.517972
00:36:02,30098,-0.4177336158776346,51.439209879855206,-0.05875,51.517972
00:27:04,23075,-0.35144556103490443,51.52899128859638,-0.05875,51.517972
00:34:34,29942,0.07673780823059256,51.32407575332449,-0.05875,51.517972
00:18:02,13467,0.08084492389831671,51.48157747601335,-0.05875,51.517972
00:31:17,25243,-0.01795722528597893,51.707484825685526,-0.05875,51.517972
00:18:15,13132,-0.15029894772534957,51.43309588467484,-0.05875,51.517972
00:28:26,30887,0.2289134573360438,51.39637615131342,-0.05875,51.517972
00:25:15,18655,-0.07616844633116915,51.6622597668982,-0.05875,51.517972
00:25:26,19164,-0.08751857556829368,51.61500010994471,-0.1729,51.4908
00:39:28,32557,0.043348273882637456,51.68969299960944,-0.1729,51.4908
00:21:18,17968,-0.34866959085267357,51.42544916273743,-0.1729,51.4908
00:17:59,12944,-0.01888191394199995,51.50907418890206,-0.1729,51.4908
00:29:46,22822,-0.08303898799685389,51.32417139026039,-0.1729,51.4908
00:07:00,4972,-0.12203861447922343,51.49008428705847,-0.1729,51.4908
00:32:44,26826,0.036398272562443934,51.63340108657912,-0.1729,51.4908
00:35:23,27337,0.08211999733095593,51.373828524062034,-0.1729,51.4908
00:35:36,31157,0.197167954706488,51.55340182985695,-0.1729,51.4908
00:19:08,14465,-0.26133109556928824,51.587882771384514,-0.1729,51.4908
00:40:31,63512,-0.420409734979345,51.32871008564236,-0.305,51.632
00:54:16,46111,-0.15938609716842483,51.312515491843776,-0.305,51.632
00:32:54,36920,0.12345223451446236,51.59244910384075,-0.305,51.632
00:05:02,3934,-0.3385165114717501,51.623155767568065,-0.305,51.632
00:20:08,19839,-0.17041970531012646,51.51546769431919,-0.305,51.632
00:44:03,41049,0.027806644223300758,51.44040698280928,-0.305,51.632
00:34:33,30627,-0.32331964164806976,51.40655025686635,-0.305,51.632
00:25:11,37657,0.10942755660938369,51.66015253814473,-0.305,51.632
00:52:32,74840,0.18402614586721627,51.4183598626087,-0.305,51.632
00:47:09,41337,-0.27499579159700005,51.33740101403177,-0.305,51.632
00:34:04,30576,0.19000104036217264,51.38426017494103,-0.119167,51.529167
00:08:00,4654,-0.1272438447828519,51.56472163030849,-0.119167,51.529167
00:27:38,19594,-0.20472279436430285,51.394632804463654,-0.119167,51.529167
00:34:03,28265,0.17444856736429631,51.3953909309981,-0.119167,51.529167
00:36:56,33944,0.2245740898263064,51.6604113993852,-0.119167,51.529167
00:46:06,43398,-0.4402031974879514,51.31480872648479,-0.119167,51.529167
00:30:08,26211,0.1393238188363582,51.43841897631977,-0.119167,51.529167
00:41:26,42042,0.2798368527859016,51.3837870666154,-0.119167,51.529167
00:16:05,10230,-0.015821971418554237,51.5574376025569,-0.119167,51.529167
00:21:02,16780,0.056290064360195846,51.511742524403516,-0.119167,51.529167
00:48:10,36580,-0.19253768830235019,51.305919045105426,-0.0906,51.5806
00:30:24,27160,0.16813084174852394,51.48999861020111,-0.0906,51.5806
00:44:19,32116,-0.08898796798770914,51.329052388924005,-0.0906,51.5806
00:18:57,15239,-0.001568450478375727,51.48387379534018,-0.0906,51.5806
00:15:37,13863,-0.04163262788639566,51.68965523036,-0.0906,51.5806
00:38:30,37302,-0.4496940319996774,51.484875539171426,-0.0906,51.5806
00:26:54,23683,0.05269988639855422,51.70631423997061,-0.0906,51.5806
00:13:59,10078,-0.13386082209778766,51.646607704854766,-0.0906,51.5806
00:22:35,18707,-0.23378789433597785,51.70142096495601,-0.0906,51.5806
00:41:22,38647,0.15077816715647702,51.31912374481176,-0.0906,51.5806
00:25:51,22283,0.041820393908861664,51.35906708813655,-0.17507,51.426796
00:25:58,22343,0.04668178844168841,51.35738229995174,-0.17507,51.426796
00:04:15,2701,-0.1737623161384506,51.41148350923185,-0.17507,51.426796
00:35:15,31209,0.20036736710578634,51.43849561724796,-0.17507,51.426796
00:15:02,11382,-0.18364579351642873,51.34743446958025,-0.17507,51.426796
00:35:11,24213,-0.0635875932826438,51.606438567259225,-0.17507,51.426796
00:20:55,16754,-0.040003588333140105,51.33847177476312,-0.17507,51.426796
00:45:05,37765,0.2177247195038104,51.54342847472503,-0.17507,51.426796
00:29:08,22025,-0.27951044796437907,51.56668219668657,-0.17507,51.426796
00:23:36,18601,-0.34473204785330597,51.47784032471066,-0.17507,51.426796
00:49:13,39699,0.05618318969977959,51.64091964318985,-0.1836,51.3803
00:50:34,45124,0.13006601386860833,51.647279614028434,-0.1836,51.3803
00:54:21,47034,0.1810474514938762,51.625359837793575,-0.1836,51.3803
00:50:38,41031,0.027808034473270904,51.65542737250238,-0.1836,51.3803
00:45:12,39039,0.18803228090824925,51.52043569762487,-0.1836,51.3803
00:10:26,10295,-0.23673049880947514,51.32084559842888,-0.1836,51.3803
00:43:07,36467,0.14436895849920156,51.55814169348888,-0.1836,51.3803
00:56:25,71901,0.14420137746892242,51.673996738477506,-0.1836,51.3803
00:50:52,47595,-0.34851934754146,51.684291196040505,-0.1836,51.3803
00:21:56,25992,-0.43605923173665073,51.3534476367438,-0.1836,51.3803
00:57:57,78595,0.24448721437529813,51.42381115468714,-0.320278,51.575833
00:13:31,10984,-0.38279642005762965,51.6450048414011,-0.320278,51.575833
00:37:10,41873,-0.47368509856900776,51.352929282830516,-0.320278,51.575833
00:36:52,46527,-0.40476390726719363,51.32569947755103,-0.320278,51.575833
01:01:17,55990,0.2665563680850362,51.35382603513484,-0.320278,51.575833
00:29:47,34323,-0.08190276197894503,51.70660324542483,-0.320278,51.575833
00:08:13,5743,-0.32340058974401015,51.54420635938182,-0.320278,51.575833
00:47:33,61663,0.21368062402515825,51.61964727736383,-0.320278,51.575833
00:09:00,6526,-0.3120043670648825,51.54579028191739,-0.320278,51.575833
00:34:09,28270,-0.19624351209073077,51.39244265458368,-0.320278,51.575833
00:09:03,6362,-0.09787716086353182,51.53059665008087,-0.173056,51.517222
00:41:09,33305,0.11290431215754254,51.35161174945397,-0.173056,51.517222
00:21:20,15796,-0.15645832627181883,51.40366987534347,-0.173056,51.517222
00:41:21,32650,0.035653914324160374,51.323287232218384,-0.173056,51.517222
00:06:14,4470,-0.1261822958109941,51.50728090010172,-0.173056,51.517222
00:27:08,25615,-0.41610490332463135,51.609612388238446,-0.173056,51.517222
00:24:25,25189,-0.20197187805770478,51.69041304570399,-0.173056,51.517222
00:29:15,28826,-0.4611265728461192,51.630214248657786,-0.173056,51.517222
00:39:00,37783,-0.42660635006988257,51.30971154555691,-0.173056,51.517222
00:51:09,37671,0.09273235190043033,51.32162540975861,-0.173056,51.517222
00:23:37,20865,-0.36281005264269683,51.518603238305396,-0.132222,51.536111
00:40:38,35301,-0.2778009385951924,51.319253373377435,-0.132222,51.536111
00:20:01,14458,-0.18944066930308406,51.44893708428727,-0.132222,51.536111
00:34:40,24878,-0.1417264177126228,51.348714984069076,-0.132222,51.536111
00:21:08,14730,0.0023442745838315737,51.57662406338865,-0.132222,51.536111
00:33:36,30365,0.17767230177439203,51.43998275762781,-0.132222,51.536111
00:13:59,10072,-0.2277205544320295,51.57046353870308,-0.132222,51.536111
00:21:20,15949,-0.2880007157672716,51.604996200040084,-0.132222,51.536111
00:22:21,18269,-0.004116120023344272,51.65314692185938,-0.132222,51.536111
00:36:19,34195,0.24905654205422084,51.47529244080832,-0.132222,51.536111
00:35:06,30745,0.1544878012587821,51.335202310505984,-0.118922,51.499152
00:41:49,40930,0.21499707192514222,51.29853244625401,-0.118922,51.499152
00:21:32,16094,-0.289403070974933,51.566818483343525,-0.118922,51.499152
00:24:30,18190,0.102905362030763,51.497876545839055,-0.118922,51.499152
00:32:26,32352,0.25203022882942366,51.36518929232461,-0.118922,51.499152
00:29:00,25367,0.16583214911225125,51.56711961402982,-0.118922,51.499152
00:16:30,10998,-0.0205533968951086,51.54192447315838,-0.118922,51.499152
00:32:45,31642,-0.45977818116484354,51.58529253202312,-0.118922,51.499152
00:26:33,21929,0.09547257168371909,51.58731189836355,-0.118922,51.499152
00:18:12,13850,-0.21966489042519238,51.41885222019918,-0.118922,51.499152
00:25:46,22352,-0.4172659220476493,51.43716269679836,-0.1766,51.4385
00:41:36,41598,-0.4034181767634867,51.69817436536376,-0.1766,51.4385
00:34:26,33023,0.19469023801837565,51.376729168728545,-0.1766,51.4385
00:35:07,31357,0.21345705026973555,51.4564544420256,-0.1766,51.4385
00:38:58,39287,-0.3992141567960272,51.675270667219195,-0.1766,51.4385
00:35:14,30655,-0.24555550945750554,51.65026716214796,-0.1766,51.4385
00:10:48,7498,-0.13287684298615154,51.40408690646149,-0.1766,51.4385
00:37:49,34058,0.23463107209838013,51.456620088479966,-0.1766,51.4385
00:42:47,40706,0.16252873313217403,51.65421154605466,-0.1766,51.4385
00:38:46,29459,-0.035177425030121445,51.65624843398842,-0.1766,51.4385
00:32:07,28279,0.22709712077557026,51.55247261725066,-0.10009,51.51746
00:25:52,17912,-0.059901645543590676,51.39191555595005,-0.10009,51.51746
00:39:50,29507,0.03944528448605905,51.32412630036897,-0.10009,51.51746
00:22:48,18164,-0.2893164421236717,51.545231338787815,-0.10009,51.51746
00:42:44,36888,-0.419660433849569,51.34592280899866,-0.10009,51.51746
00:25:10,20472,0.11243395085595126,51.59242444765866,-0.10009,51.51746
00:41:07,48964,-0.44424477955289093,51.681240971873635,-0.10009,51.51746
00:33:16,25418,-0.21256717496028427,51.687427605484,-0.10009,51.51746
00:28:01,27579,0.23827860187729794,51.50187377132183,-0.10009,51.51746
00:36:29,34632,-0.34456764482222646,51.33410711921144,-0.10009,51.51746
00:38:02,39339,0.06223904134898944,51.580939911672345,-0.3516,51.50644
00:17:37,16982,-0.2059358473647015,51.57485805377202,-0.3516,51.50644
00:45:04,38592,0.11559861646792696,51.54669133668418,-0.3516,51.50644
00:54:21,48880,0.1721464825826276,51.38484000956556,-0.3516,51.50644
00:42:12,42801,0.09581655937080819,51.60848547817065,-0.3516,51.50644
00:29:26,24472,-0.20728931119930993,51.3710022868505,-0.3516,51.50644
00:24:48,21559,-0.250890160869771,51.65551111674144,-0.3516,51.50644
01:05:19,58297,0.24174355260513453,51.340031260472486,-0.3516,51.50644
00:12:38,8870,-0.41560538095522476,51.537939543866244,-0.3516,51.50644
00:28:52,27483,-0.19711742867797577,51.66634350234457,-0.3516,51.50644
00:52:21,59169,0.17657327636892423,51.656910771003325,-0.340944,51.425806
00:40:41,31920,0.04047662745279251,51.47236074213979,-0.340944,51.425806
00:34:20,29137,-0.3380049902190817,51.644418711727795,-0.340944,51.425806
00:52:44,44348,0.18221850150899116,51.342896467585135,-0.340944,51.425806
00:25:31,22570,-0.16420163829800105,51.31161253527784,-0.340944,51.425806
01:01:31,67017,0.2624706677342054,51.704372987477655,-0.340944,51.425806
00:51:41,64116,0.17853765407820293,51.3350778845241,-0.340944,51.425806
00:19:27,16156,-0.14998793874568006,51.416645010855035,-0.340944,51.425806
00:39:45,37979,-0.05574215880037925,51.59866326654993,-0.340944,51.425806
00:49:28,68280,0.23316179605169657,51.38011787650751,-0.340944,51.425806
00:22:13,19488,-0.2431407199251701,51.37953136373769,-0.136,51.4922
00:13:00,9509,-0.22910487750648828,51.53605484100645,-0.136,51.4922
00:32:40,39469,-0.43913112027124673,51.70421094254723,-0.136,51.4922
00:33:23,25942,-0.022179961271511395,51.301319508769204,-0.136,51.4922
00:25:31,17414,-0.09854296936065043,51.61004776332067,-0.136,51.4922
00:21:38,19738,-0.33831861873366215,51.546078876271324,-0.136,51.4922
00:25:45,23996,-0.41626604969647224,51.55517380165833,-0.136,51.4922
00:14:52,10620,-0.2610685433900593,51.501901161331226,-0.136,51.4922
00:30:37,30493,0.23459139558269942,51.503909159796144,-0.136,51.4922
00:39:04,33001,-0.09996281034520349,51.70562054695246,-0.136,51.4922
00:56:18,55567,-0.4709573762559788,51.30420697654369,-0.0079,51.5907
00:36:43,36683,-0.42591479934825527,51.56024014616981,-0.0079,51.5907
00:04:52,3036,0.02538534915193774,51.60076528176455,-0.0079,51.5907
00:17:49,17730,-0.2167100517977128,51.58665184766504,-0.0079,51.5907
00:36:37,35990,-0.3821149727266494,51.50309843633739,-0.0079,51.5907
00:51:00,42646,-0.18053757319073704,51.311781612036036,-0.0079,51.5907
00:32:11,37204,-0.42242482053342556,51.689172410621104,-0.0079,51.5907
00:43:21,47478,0.26081156401687194,51.31251061813763,-0.0079,51.5907
00:22:26,19145,-0.2116461397943828,51.66185931378717,-0.0079,51.5907
00:25:08,23004,0.24662191807659323,51.5345267039926,-0.0079,51.5907
00:07:46,5607,-0.3029460004590626,51.416804319742525,-0.2891,51.3795
00:58:16,81138,0.2720347495094239,51.54567972609911,-0.2891,51.3795
00:47:36,46586,-0.3536990745158184,51.69248272730312,-0.2891,51.3795
00:45:29,44077,-0.24913406520758002,51.6924200695212,-0.2891,51.3795
00:55:00,47491,0.15317040023013168,51.60386423473416,-0.2891,51.3795
00:14:26,11427,-0.1798999350709135,51.36256249068247,-0.2891,51.3795
00:38:57,30742,0.038324945877479755,51.484723193777555,-0.2891,51.3795
00:44:58,40399,-0.09149455428362235,51.64136671319597,-0.2891,51.3795
00:40:18,33638,-0.37702769932785746,51.62772932863636,-0.2891,51.3795
00:41:12,34622,0.09049162278915551,51.444048657554156,-0.2891,51.3795
00:18:07,12370,-0.13954241031429548,51.437308287513964,-0.134397,51.525242
00:28:09,24385,-0.3634558951603467,51.59910267141256,-0.134397,51.525242
00:38:10,36090,0.2504794372315164,51.62787738838722,-0.134397,51.525242
00:26:52,18795,0.0012105280263745022,51.416257110620414,-0.134397,51.525242
00:32:37,29174,-0.30785264721229694,51.34679091540335,-0.134397,51.525242
00:20:42,13414,0.00217276856794707,51.585598644384774,-0.134397,51.525242
00:09:07,5888,-0.12243227203182772,51.564995217065004,-0.134397,51.525242
00:36:05,27067,-0.06723722718821479,51.314574055031045,-0.134397,51.525242
00:29:04,26641,-0.3834346988471863,51.63868364611297,-0.134397,51.525242
00:23:36,18193,-0.23884714692686146,51.4141329803555,-0.134397,51.525242
00:38:42,31289,-0.26342995136848835,51.62594017266656,-0.0172,51.4533
00:32:25,26825,-0.3181000906282839,51.39770291348143,-0.0172,51.4533
00:25:25,20386,-0.24461001373816038,51.41776276700196,-0.0172,51.4533
00:35:38,26548,-0.2123148552421088,51.59998782736986,-0.0172,51.4533
00:40:18,32825,-0.18923142419355266,51.65599301318495,-0.0172,51.4533
00:42:18,36176,0.03119024239534557,51.70830531870944,-0.0172,51.4533
00:30:50,26363,-0.30648697309403083,51.37627623388259,-0.0172,51.4533
00:35:35,23816,-0.17216294121121117,51.606214983940575,-0.0172,51.4533
00:33:05,24438,-0.2531264524431303,51.55416372564575,-0.0172,51.4533
00:35:21,29599,-0.3438835002396392,51.392630400047494,-0.0172,51.4533
00:44:21,53048,0.05400287339687376,51.66058850892363,-0.3257,51.4736
00:51:27,44139,0.2041671190806526,51.454477192267646,-0.3257,51.4736
00:29:51,26975,-0.18864775420620372,51.644495750865964,-0.3257,51.4736
00:28:55,24691,-0.40558783668274223,51.62791991107955,-0.3257,51.4736
00:34:06,26659,-0.07230001453162976,51.38439825939775,-0.3257,51.4736
00:25:35,24034,-0.233002889523418,51.628936908252456,-0.3257,51.4736
00:28:29,22443,-0.15073609409978533,51.38810322670417,-0.3257,51.4736
00:13:35,14164,-0.32953632588097026,51.492331287422004,-0.3257,51.4736
00:51:30,42077,0.17910205347575953,51.40612930034744,-0.3257,51.4736
00:33:14,30479,-0.119690209819234,51.65714978410676,-0.3257,51.4736
00:10:41,9219,-0.25572520878342825,51.52910121385805,-0.1635,51.5208
00:12:00,8849,-0.25005195383365764,51.56201910810578,-0.1635,51.5208
00:27:54,30541,-0.11444252646421865,51.6780822046152,-0.1635,51.5208
00:17:19,12673,-0.0784346774108105,51.59726554149683,-0.1635,51.5208
00:43:20,37934,0.2252575586038102,51.65102008770475,-0.1635,51.5208
00:18:07,14280,-0.30891966718693686,51.58785236224861,-0.1635,51.5208
00:29:49,27200,-0.2436921147663116,51.355051666971065,-0.1635,51.5208
00:24:36,19274,-0.04590059462787871,51.64067427398568,-0.1635,51.5208
00:34:16,27344,-0.12066164943180652,51.3088728219711,-0.1635,51.5208
00:31:45,28611,0.18540168849018573,51.52679306344728,-0.1635,51.5208
00:24:15,18538,-0.11754448051526917,51.382302390989736,-0.1635,51.5208
00:39:39,29926,-0.2529058129719586,51.44479648069537,0.00197,51.57787
00:43:57,47491,0.2508734852266858,51.316419767806856,0.00197,51.57787
00:19:51,21072,0.21072062776783157,51.5180819951124,0.00197,51.57787
00:15:26,15361,0.02102785359856968,51.67644730231675,0.00197,51.57787
00:23:56,24264,-0.26244489393664017,51.593914843443386,0.00197,51.57787
00:33:33,41154,-0.38592142686031866,51.70372570833584,0.00197,51.57787
00:28:07,26891,0.09024467914993956,51.40666683623818,0.00197,51.57787
00:27:07,20203,-0.2000358519486975,51.509273513056925,0.00197,51.57787
00:41:07,34006,-0.07655492970509298,51.36027834276306,0.00197,51.57787
00:43:30,43003,-0.381844412213303,51.44865285108677,0.00197,51.57787
00:22:51,20376,0.06723799755079524,51.584157312900345,-0.1395,51.5665
00:09:15,7076,-0.20577869050062664,51.573016636547564,-0.1395,51.5665
00:29:25,22446,0.09914242951882352,51.51534404667748,-0.1395,51.5665
00:26:45,23721,-0.3598474515438342,51.49843475420767,-0.1395,51.5665
00:36:29,24350,-0.010384321858348866,51.405205113433496,-0.1395,51.5665
00:34:34,23140,-0.036654235213923636,51.40259294652059,-0.1395,51.5665
00:12:03,6976,-0.061798235399053936,51.54787939183384,-0.1395,51.5665
00:40:47,37136,0.28892650833003125,51.47261218325477,-0.1395,51.5665
00:32:28,20796,0.006099685287809409,51.432654111330166,-0.1395,51.5665
00:40:21,32482,0.11007287896639589,51.38328309354786,-0.1395,51.5665
00:32:44,24186,0.025043336563685903,51.53874922639862,-0.1631,51.3974
00:39:26,30769,-0.21253179794040877,51.61996224887159,-0.1631,51.3974
00:27:20,22450,0.09878567097463659,51.416001187850384,-0.1631,51.3974
00:40:08,44582,0.28394019933031617,51.45967036713063,-0.1631,51.3974
00:28:59,23461,0.061057284038452175,51.30297895127551,-0.1631,51.3974
00:27:50,25219,0.13540326214956117,51.365433070148924,-0.1631,51.3974
00:37:28,29737,0.10656681905372128,51.49850992144569,-0.1631,51.3974
00:13:57,12038,-0.26563070854181536,51.38269304413501,-0.1631,51.3974
00:38:32,39680,0.27222866668970375,51.363996084017735,-0.1631,51.3974
00:34:28,35392,0.1742969179528781,51.37768066227647,-0.1631,51.3974
00:30:32,22850,-0.06215529237414702,51.573361541908206,-0.256472,51.467222
00:29:52,23123,0.030187511331600192,51.449024993167896,-0.256472,51.467222
00:38:49,28651,0.09436336061341516,51.49895572022085,-0.256472,51.467222
00:09:51,7292,-0.18338501222660852,51.44332892189135,-0.256472,51.467222
00:49:02,47036,0.2532808220092088,51.32729862341549,-0.256472,51.467222
00:21:14,19957,-0.2760963969115189,51.33950361672915,-0.256472,51.467222
00:41:11,34973,0.15512397112021553,51.55527798295526,-0.256472,51.467222
00:31:00,27459,-0.4628356962392812,51.618267758401004,-0.256472,51.467222
00:26:56,20487,-0.04199630011935307,51.39059363589889,-0.256472,51.467222
00:26:23,25591,-0.26834418676070204,51.62968841038807,-0.256472,51.467222
00:58:35,86613,0.04227830781394276,51.328964148622276,-0.2141,51.6505
00:24:38,23036,0.017343795300693854,51.567845626257295,-0.2141,51.6505
00:39:56,60875,0.2862390097267992,51.47074960261313,-0.2141,51.6505
00:12:57,11281,-0.26221101783924344,51.5826546416492,-0.2141,51.6505
00:50:07,46956,-0.2004366892958777,51.339391318355766,-0.2141,51.6505
00:40:55,32897,-0.05223124940209162,51.45776127261978,-0.2141,51.6505
00:32:06,37388,0.06844008760873238,51.69203121562871,-0.2141,51.6505
00:12:43,9466,-0.10677388343714517,51.63778048128817,-0.2141,51.6505
00:42:32,35306,-0.1823747191739753,51.40456965983436,-0.2141,51.6505
00:19:28,16562,-0.3501319232760173,51.57119093086083,-0.2141,51.6505
00:32:57,29094,-0.36693350740331254,51.38567548257594,-0.031777,51.38213
00:23:34,17533,-0.15870479657021408,51.477687141273236,-0.031777,51.38213
00:08:02,5942,-0.07424349423588689,51.40070955952837,-0.031777,51.38213
00:31:00,21425,-0.08689275557941334,51.52459797287494,-0.031777,51.38213
00:55:48,45958,-0.3914595553982776,51.64554269675089,-0.031777,51.38213
00:13:52,10761,-0.15334751568635324,51.36992739521829,-0.031777,51.38213
00:28:12,19793,-0.13017503901802807,51.50183731496511,-0.031777,51.38213
00:46:27,42465,-0.4132084112256854,51.49175996496331,-0.031777,51.38213
00:10:32,7808,-0.11565300201676693,51.38518649264636,-0.031777,51.38213
00:43:06,32007,-0.20005714853657458,51.58793669929161,-0.031777,51.38213
00:23:53,19181,-0.10982299753612185,51.49687914745422,-0.3078,51.4328
00:22:54,18487,-0.10967914221296476,51.43501772779456,-0.3078,51.4328
00:15:37,13564,-0.42320225587496135,51.440978271460764,-0.3078,51.4328
00:45:01,37680,0.12987501631392512,51.398989917576294,-0.3078,51.4328
00:21:39,19388,-0.2370753053902878,51.57138324802253,-0.3078,51.4328
00:21:10,16945,-0.4726838579313197,51.37629941677421,-0.3078,51.4328
00:11:34,9828,-0.2218731503972431,51.390152177497875,-0.3078,51.4328
00:28:28,27672,-0.13333391043080262,51.60970198072466,-0.3078,51.4328
00:29:07,27668,-0.23241727201712187,51.62947946865398,-0.3078,51.4328
00:21:45,17663,-0.19089442221790542,51.53087125454693,-0.3078,51.4328
00:41:42,44517,0.23160712653763865,51.594703914930335,-0.268622,51.531145
00:33:46,34635,0.11043412172713557,51.61729368754406,-0.268622,51.531145
00:22:34,18724,-0.38559535457030425,51.64561851070663,-0.268622,51.531145
00:41:55,33004,0.11703122570335317,51.483429820560005,-0.268622,51.531145
00:36:38,27996,-0.021860609900859196,51.38740836057939,-0.268622,51.531145
00:22:11,21409,-0.0626566998768267,51.609105469057596,-0.268622,51.531145
00:09:26,6879,-0.31948680639360694,51.50673991040661,-0.268622,51.531145
00:22:59,20299,-0.4423204438666455,51.42106991825906,-0.268622,51.531145
00:29:43,23390,-0.3994634743090069,51.39007556217347,-0.268622,51.531145
00:25:34,19742,-0.06414556621957773,51.57487199551497,-0.268622,51.531145
00:44:54,40550,0.1414630092271188,51.647610819963525,-0.2195,51.4871
00:43:46,52459,0.11483635195090319,51.67870426873004,-0.2195,51.4871
00:27:16,17770,-0.04534329642580592,51.55889819938384,-0.2195,51.4871
00:16:19,12915,-0.33749115585114997,51.43782496590533,-0.2195,51.4871
00:42:19,34983,0.19036176499517227,51.402677550316184,-0.2195,51.4871
00:39:22,34194,0.18591158575630434,51.444497227056615,-0.2195,51.4871
00:11:39,8409,-0.13827316553874913,51.517713590929006,-0.2195,51.4871
00:42:03,40966,0.10839466538105919,51.68440912572221,-0.2195,51.4871
00:34:14,26568,-0.10741085554926738,51.30167328748774,-0.2195,51.4871
00:44:39,39133,0.19076703928601185,51.61848353675952,-0.2195,51.4871
00:58:15,86312,-0.3597761245520378,51.30112073216098,-0.103747,51.666687
00:25:51,27283,-0.3293016713202196,51.5698477255111,-0.103747,51.666687
00:27:44,28932,-0.34109824124677757,51.560396197793374,-0.103747,51.666687
00:30:01,30873,0.16779334872766466,51.539394371772204,-0.103747,51.666687
00:47:05,34543,-0.15027880963846302,51.40272961875403,-0.103747,51.666687
00:26:35,27995,0.10194546929979037,51.52392604802191,-0.103747,51.666687
00:39:37,31694,-0.031395965403377024,51.44930702176487,-0.103747,51.666687
00:29:24,30897,-0.3787265157513282,51.55955001790784,-0.103747,51.666687
00:49:29,45399,-0.35429564964778454,51.37036876459735,-0.103747,51.666687
00:56:02,74532,0.06372181277098082,51.31619051438083,-0.103747,51.666687
00:27:23,22590,-0.11715630109818215,51.62262140129442,-0.182,51.484
00:23:15,19661,-0.2039573957893045,51.342007335204464,-0.182,51.484
00:25:07,22322,-0.3301833433402536,51.35676975886712,-0.182,51.484
00:45:41,44539,0.22635681385375944,51.6723271977196,-0.182,51.484
00:38:15,37540,0.25810640359504894,51.49317131678485,-0.182,51.484
00:33:30,35454,-0.46431913981533185,51.36424175909836,-0.182,51.484
00:23:01,20547,-0.4132574871019537,51.423151448921224,-0.182,51.484
00:29:58,28400,-0.37832215398772173,51.322530307934706,-0.182,51.484
00:40:55,35336,0.23113153442730355,51.573325899967415,-0.182,51.484
00:41:54,36304,0.27225868274988857,51.534392424970044,-0.182,51.484
00:49:55,44662,-0.26633009104788685,51.702553908275895,-0.111132,51.389461
00:24:03,18050,-0.15099019862640506,51.52368988053913,-0.111132,51.389461
00:47:49,35368,-0.15018915805372446,51.661916209547115,-0.111132,51.389461
00:20:01,15541,0.05662875949729501,51.41332616021921,-0.111132,51.389461
00:38:31,30290,-0.280718442550175,51.59766966683266,-0.111132,51.389461
00:42:33,31429,-0.020154015770388334,51.632077285225954,-0.111132,51.389461
00:34:40,32771,0.210256338039074,51.29943735579078,-0.111132,51.389461
00:20:26,17300,-0.2617931240587381,51.42737540389856,-0.111132,51.389461
00:31:10,24200,-0.2663970438609361,51.54513962413316,-0.111132,51.389461
00:37:19,31108,0.11270798458702308,51.527126880269215,-0.111132,51.389461
00:38:22,28515,-0.02536152887474008,51.67921322658638,-0.080825,51.458762
00:07:00,4230,-0.031865579069441485,51.46388727401059,-0.080825,51.458762
00:34:07,31287,0.19664253518127445,51.59335616816062,-0.080825,51.458762
00:32:58,26155,-0.3915282481859347,51.4754052066391,-0.080825,51.458762
00:41:03,34170,-0.39917658078439944,51.60540261565366,-0.080825,51.458762
00:22:27,16972,0.054063993669997645,51.3645054794973,-0.080825,51.458762
00:40:15,28952,-0.12220221035712209,51.67554752516788,-0.080825,51.458762
00:11:53,7763,-0.06890565143668043,51.40124657992762,-0.080825,51.458762
00:39:46,32938,-0.30108381820447183,51.67692000984366,-0.080825,51.458762
00:34:40,29526,0.21114972306105045,51.55066708009445,-0.080825,51.458762
00:42:07,42549,0.08801442901492468,51.54496097286639,-0.34571,51.507756
00:56:30,60753,0.2798204970441443,51.5387557280197,-0.34571,51.507756
00:56:51,53560,0.24335555984926888,51.35196173789886,-0.34571,51.507756
00:55:03,50709,0.27252040375549863,51.50996616068308,-0.34571,51.507756
00:33:09,26369,-0.12832049430791176,51.37636121013372,-0.34571,51.507756
00:16:25,13415,-0.21248815286872647,51.46791609430687,-0.34571,51.507756
00:37:15,26277,-0.034478334299985425,51.572107123762244,-0.34571,51.507756
00:40:00,38441,0.06021054373130724,51.65260640317527,-0.34571,51.507756
00:40:06,32385,0.005732533997261313,51.4233968270679,-0.34571,51.507756
00:16:09,14015,-0.231354767436709,51.577299318746405,-0.34571,51.507756
00:29:48,28153,0.07889551143474466,51.649854686313915,-0.118333,51.498056
00:26:56,26465,-0.44935820857177344,51.55542594596026,-0.118333,51.498056
00:31:21,35015,-0.38554034289889944,51.69935064851548,-0.118333,51.498056
00:25:37,20702,-0.2069192022014757,51.34767103563631,-0.118333,51.498056
00:29:10,27682,-0.344952861825063,51.656155401752564,-0.118333,51.498056
00:27:19,24078,0.16631370488705483,51.50957198842842,-0.118333,51.498056
00:24:11,17411,-0.02215515773195076,51.58369964610613,-0.118333,51.498056
00:23:53,17676,-0.3042615436520694,51.57498982882636,-0.118333,51.498056
00:22:19,18454,-0.29314907274611157,51.40177180603545,-0.118333,51.498056
00:34:04,36172,0.2887819715211896,51.39452442953605,-0.118333,51.498056
00:34:12,39103,0.2765585959173343,51.584626169248224,-0.1763,51.6056
00:23:07,23387,-0.41842251681554427,51.55636471932343,-0.1763,51.6056
00:55:17,68942,0.17595448870929592,51.311341150062795,-0.1763,51.6056
00:06:59,6056,-0.2041080010538292,51.5694028573888,-0.1763,51.6056
00:31:39,28863,-0.21476744406672893,51.45051794703937,-0.1763,51.6056
00:58:28,48524,0.06095880518684266,51.30040253808981,-0.1763,51.6056
00:14:06,17027,-0.34558716529274264,51.65455243869273,-0.1763,51.6056
00:26:45,31130,0.159289553916992,51.657808197415484,-0.1763,51.6056
00:20:16,19142,-0.010232889925794353,51.686257138603665,-0.1763,51.6056
00:48:01,42476,0.12284110824173006,51.35710087857611,-0.1763,51.6056
00:52:28,48764,-0.36335722845583085,51.34987007902302,0.1105,51.5763
00:33:20,27736,-0.016350840589273885,51.41572647482885,0.1105,51.5763
00:21:12,21517,-0.12794852078460245,51.63878967943795,0.1105,51.5763
00:21:48,23460,0.25867444600648887,51.68855448466398,0.1105,51.5763
00:52:36,52663,-0.4160397363054433,51.43900042237701,0.1105,51.5763
00:26:02,32451,0.18788701212774678,51.38829775429748,0.1105,51.5763
00:43:13,49421,-0.41043061138723763,51.709988059357215,0.1105,51.5763
00:33:52,42134,0.1342672436450006,51.32065152388004,0.1105,51.5763
00:54:34,48487,-0.33358673381424697,51.32961225362553,0.1105,51.5763
00:05:45,4559,0.12919192739648172,51.546924648130386,0.1105,51.5763
00:28:49,21447,0.07142159370080653,51.40705916319623,-0.1205,51.5225
00:29:03,24091,-0.23161517883476226,51.374532985840474,-0.1205,51.5225
00:30:26,28795,-0.37463695879994063,51.65079960101003,-0.1205,51.5225
00:23:47,15603,-0.15252137622820366,51.637374884498385,-0.1205,51.5225
00:04:37,2652,-0.1435388791948884,51.52205173111703,-0.1205,51.5225
00:33:56,38002,-0.45233203688625023,51.68301874542824,-0.1205,51.5225
00:22:34,15684,0.040717898899681304,51.45474024452282,-0.1205,51.5225
00:26:30,21425,0.12755885194958166,51.575421858692,-0.1205,51.5225
00:24:52,18770,-0.06963737833968026,51.65618912899383,-0.1205,51.5225
00:36:33,36753,0.262312877793859,51.46679280753272,-0.1205,51.5225
00:16:42,11848,-0.14179335886549999,51.412288695860056,-0.086944,51.503333
00:22:28,18383,-0.25808878480278497,51.41821166182634,-0.086944,51.503333
00:35:08,28201,-0.04546691725754781,51.30029106666942,-0.086944,51.503333
00:29:22,27499,0.22464995685040517,51.44509491876526,-0.086944,51.503333
00:28:39,26341,0.21800749675199077,51.55872638654568,-0.086944,51.503333
00:08:50,6111,-0.10513232756846036,51.460210810317214,-0.086944,51.503333
00:31:27,28183,-0.4065667612137463,51.5205800082372,-0.086944,51.503333
00:35:46,38106,0.2857843873310872,51.34856035365888,-0.086944,51.503333
00:19:44,16625,0.04388314225554585,51.586211804172954,-0.086944,51.503333
00:29:13,26922,-0.37941683610134536,51.4884077971849,-0.086944,51.503333
00:09:19,6208,-0.30627916084943996,51.51784855795382,-0.2369,51.5163
00:28:10,23492,-0.32573683437402934,51.62002084542779,-0.256472,51.467222
00:39:35,31558,0.09817778671014593,51.372360000667626,-0.256472,51.467222
00:48:06,47609,0.2842742072111854,51.53705439153183,-0.256472,51.467222
00:15:03,11635,-0.1660924667593548,51.411667528141194,-0.256472,51.467222
00:18:57,18751,-0.4078683002463297,51.52026854081192,-0.256472,51.467222
00:49:24,48268,0.2827738543805411,51.37872088873523,-0.256472,51.467222
00:36:39,29686,0.07702225313215433,51.401498753533936,-0.256472,51.467222
00:19:53,17322,-0.4440117150402584,51.460507268108856,-0.256472,51.467222
00:15:28,13885,-0.41211871895302676,51.44149265815476,-0.256472,51.467222
00:17:00,15122,-0.35829893464920093,51.541766728043406,-0.256472,51.467222
00:49:49,43201,0.09103651463480072,51.389071261826935,-0.2141,51.6505
00:47:52,41170,0.08022346336372127,51.402326477352815,-0.2141,51.6505
00:23:35,23035,-0.46295613479487985,51.61469456162752,-0.2141,51.6505
00:38:28,31419,-0.07124958405360887,51.463962285655114,-0.2141,51.6505
00:28:05,26444,-0.3363304753680588,51.49811960770324,-0.2141,51.6505
00:07:20,7570,-0.1728133430024803,51.689873993921154,-0.2141,51.6505
00:50:43,46852,-0.3771558207799003,51.336950493614395,-0.2141,51.6505
00:33:13,33730,0.12507028379944346,51.5396252033869,-0.2141,51.6505
00:21:24,15647,-0.11061057594537582,51.55802265204716,-0.2141,51.6505
00:19:52,30256,0.11613428121403008,51.677596511264454,-0.2141,51.6505
00:19:01,15224,-0.18673931613508188,51.325949882145494,-0.031777,51.38213
00:38:39,49823,0.23378652284968487,51.58217965029377,-0.031777,51.38213
00:41:09,32294,-0.3133966544851703,51.524956628539854,-0.031777,51.38213
00:29:23,24313,-0.04150941502147182,51.54335615216478,-0.031777,51.38213
00:37:26,33400,-0.4180367887404439,51.37499843152175,-0.031777,51.38213
00:26:17,18492,-0.10651624966431977,51.504221673601975,-0.031777,51.38213
00:42:41,52592,0.2280332283497996,51.61834115418382,-0.031777,51.38213
00:25:38,20612,0.13216833439634162,51.480205163479965,-0.031777,51.38213
00:44:58,43977,0.12697908711633638,51.65686615676715,-0.031777,51.38213
00:36:35,38393,-0.4381108391151607,51.32887915697576,-0.031777,51.38213
00:14:00,11307,-0.2714150330373136,51.35518809078129,-0.3078,51.4328
00:55:03,56315,0.21304059354091404,51.59726076601472,-0.3078,51.4328
00:48:22,42112,0.18397238830025558,51.53666080048601,-0.3078,51.4328
00:19:16,15714,-0.4541622166754949,51.45234178879963,-0.3078,51.4328
00:50:50,48122,0.26612036966806935,51.44528676023257,-0.3078,51.4328
00:46:47,49389,0.09669764590786262,51.62464687395746,-0.3078,51.4328
00:36:42,49643,-0.4461407070369618,51.70162296334993,-0.3078,51.4328
00:43:47,36174,0.11163961238606007,51.52844866573346,-0.3078,51.4328
00:28:24,21941,-0.160632756671106,51.5584482140194,-0.3078,51.4328
00:34:17,27541,-0.007383687530373773,51.422129080874,-0.3078,51.4328
00:21:54,27085,-0.3418053327512973,51.67326967538439,-0.268622,51.531145
00:29:00,26067,-0.4601937106266185,51.66284830843732,-0.268622,51.531145
00:31:48,38613,-0.06196136625990695,51.701154894954215,-0.268622,51.531145
00:35:31,28766,-0.05846441008705444,51.36635307422246,-0.268622,51.531145
00:32:13,25098,-0.03683330838296367,51.41126982082009,-0.268622,51.531145
00:24:14,20655,-0.4096450589503885,51.403318375267744,-0.268622,51.531145
00:54:41,52965,0.2732439477758994,51.31411670411175,-0.268622,51.531145
00:28:30,24168,-0.47161614670337393,51.404278893237056,-0.268622,51.531145
00:40:07,31610,0.07113719263443369,51.42835086250325,-0.268622,51.531145
00:54:50,44668,0.1669280154426374,51.34520229492631,-0.268622,51.531145
00:20:16,16321,-0.34628888004832625,51.58232112020458,-0.2195,51.4871
00:32:15,33178,-0.3987277520720088,51.66015816104317,-0.2195,51.4871
00:31:38,20914,-0.021570651220093884,51.5787824050043,-0.2195,51.4871
00:38:46,34057,0.20606198772577183,51.518561537873616,-0.2195,51.4871
00:27:07,19790,0.00718036097763447,51.49259862013357,-0.2195,51.4871
00:14:11,11545,-0.3408504953423256,51.47073870664259,-0.2195,51.4871
00:22:06,19485,-0.2569908694358761,51.35708609341301,-0.2195,51.4871
00:23:31,15643,-0.06582233450140507,51.551462698304114,-0.2195,51.4871
00:15:32,12037,-0.31565231790279547,51.434792469165515,-0.2195,51.4871
00:19:26,13740,-0.18096103425735205,51.57473132895676,-0.2195,51.4871
00:15:15,12279,0.031868263647369555,51.62216242704416,-0.103747,51.666687
00:15:55,12915,0.025899343504938888,51.604749758597706,-0.103747,51.666687
00:11:28,9695,-0.0812089300911934,51.59740116029624,-0.103747,51.666687
00:46:26,42153,0.10988726937418453,51.37210396454505,-0.103747,51.666687
00:50:08,44130,0.07443149464874715,51.35996936414457,-0.103747,51.666687
00:27:09,38896,-0.46795226773469645,51.63112807875316,-0.103747,51.666687
00:40:33,33917,0.11588666346989634,51.47249809194069,-0.103747,51.666687
00:32:22,51043,-0.46329837006805313,51.55541831160717,-0.103747,51.666687
00:20:10,29228,-0.44361368822276304,51.69086898175088,-0.103747,51.666687
00:16:39,14532,-0.1965599394489445,51.58474855247314,-0.103747,51.666687
00:30:39,28867,-0.38369206635986586,51.32315234656309,-0.182,51.484
00:27:07,22838,-0.22403940098810438,51.32126550379972,-0.182,51.484
00:32:28,28727,0.1609366892437299,51.522432418686215,-0.182,51.484
00:37:41,31275,-0.03362149121769864,51.70121310954174,-0.182,51.484
00:27:02,24568,-0.2585615985854428,51.32343225141904,-0.182,51.484
00:39:41,31914,-0.019324546144071086,51.69159324053176,-0.182,51.484
00:35:01,27141,0.07199476020828005,51.35605176596731,-0.182,51.484
00:31:41,26400,0.14689382734446849,51.53947264214279,-0.182,51.484
00:31:15,25298,-0.00349382572786322,51.3387057545157,-0.182,51.484
00:40:07,34301,0.1687108385989779,51.60791456299121,-0.182,51.484
00:39:58,35515,0.259548159548226,51.305038767407396,-0.111132,51.389461
00:44:25,55682,0.25823946451111685,51.57391140264818,-0.111132,51.389461
00:38:41,26858,-0.02724558379789488,51.593974885992814,-0.111132,51.389461
00:31:29,30166,0.20044046668815524,51.31549918619611,-0.111132,51.389461
00:47:05,39921,-0.2758479463380677,51.681064477778946,-0.111132,51.389461
00:41:52,30474,-0.11558397905374662,51.62850427588871,-0.111132,51.389461
00:44:05,38938,0.15308670795986917,51.581371896648584,-0.111132,51.389461
00:32:45,26878,-0.27965371690000285,51.54186448191542,-0.111132,51.389461
00:32:28,24222,-0.011813375383574853,51.557605970111254,-0.111132,51.389461
00:21:07,19434,-0.32619024566221205,51.38623647860431,-0.111132,51.389461
00:42:26,35144,-0.27766878147580454,51.70193617580412,-0.080825,51.458762
00:37:42,32934,-0.22916531666578918,51.65653837306301,-0.080825,51.458762
00:36:32,32356,0.2481024028746262,51.55347288289774,-0.080825,51.458762
00:28:59,20705,-0.2849505461672426,51.55718615555674,-0.080825,51.458762
00:34:32,30995,-0.4418399385474179,51.49706315856563,-0.080825,51.458762
00:31:46,25151,0.12634650928709606,51.32613112188866,-0.080825,51.458762
00:27:32,24422,0.1884316602462574,51.41197349249706,-0.080825,51.458762
00:44:37,45358,-0.05215695024365119,51.68238659377396,-0.080825,51.458762
00:27:46,21032,-0.3203136267464537,51.49510014937535,-0.080825,51.458762
00:20:51,15602,-0.030828257591014874,51.54300203414129,-0.080825,51.458762
00:15:04,11963,-0.2325333408738271,51.46687983562849,-0.34571,51.507756
00:41:43,33600,0.07497323676841944,51.51134498012737,-0.34571,51.507756
00:58:28,54856,0.2726181877464359,51.34504498310069,-0.34571,51.507756
00:14:30,11265,-0.4192049357813837,51.43605943425945,-0.34571,51.507756
00:34:29,26757,-0.021035814619471183,51.52046881742808,-0.34571,51.507756
00:29:30,22308,-0.09501066082504372,51.56280543421351,-0.34571,51.507756
00:57:19,44515,0.1015596086126051,51.330769624858426,-0.34571,51.507756
00:23:39,21275,-0.3564745653094896,51.663176881875074,-0.34571,51.507756
00:47:50,39061,0.11139068665232871,51.4177294923446,-0.34571,51.507756
00:40:11,49354,0.07160733409811543,51.679944728825575,-0.34571,51.507756
00:42:03,38622,0.24163398341759518,51.32135185908918,-0.118333,51.498056
00:26:56,22631,-0.4038093411324902,51.470247609884936,-0.118333,51.498056
00:28:41,24825,0.1709733733519902,51.40298068348214,-0.118333,51.498056
00:25:53,23794,-0.26711627158632656,51.362129541008365,-0.118333,51.498056
00:26:33,21691,0.04927276994090407,51.598915400910634,-0.118333,51.498056
00:16:30,12073,-0.25402789948674975,51.47008402117829,-0.118333,51.498056
00:36:29,33871,-0.46045971328974833,51.63028461569796,-0.118333,51.498056
00:32:27,31730,0.23022669486331765,51.3630297667754,-0.118333,51.498056
00:39:34,40071,0.2661370290396335,51.311271852869716,-0.118333,51.498056
00:37:13,42233,0.24609348011536664,51.61936521241369,-0.118333,51.498056
00:19:57,12876,-0.11881228111795084,51.512367086443014,-0.1763,51.6056
00:40:16,27570,-0.015578727756373034,51.423600987186,-0.1763,51.6056
00:14:40,13160,-0.19527443178923815,51.70555637780186,-0.1763,51.6056
00:44:13,56833,-0.4709563604567277,51.31369796751965,-0.1763,51.6056
00:45:13,41819,-0.20876223462183002,51.32866290038347,-0.1763,51.6056
00:33:46,33003,-0.4077812400467209,51.41951963704197,-0.1763,51.6056
00:20:56,19659,-0.004302224434455049,51.68565698156108,-0.1763,51.6056
00:45:39,54059,0.25653972724969193,51.40803654243386,-0.1763,51.6056
00:41:12,31159,-0.06211020284400098,51.39890283406228,-0.1763,51.6056
00:35:15,32673,-0.37665018256302896,51.41144820083131,-0.1763,51.6056
00:35:42,38188,-0.31453846512272926,51.59983979970263,0.1105,51.5763
00:39:20,47313,0.07682829026368893,51.318357906685634,0.1105,51.5763
00:16:04,14826,0.039867250405535126,51.64551047874387,0.1105,51.5763
00:26:31,24891,0.20175738151457495,51.70433199951277,0.1105,51.5763
00:27:06,21936,-0.09234321244686972,51.48305882223986,0.1105,51.5763
00:59:37,56782,-0.4063699528464069,51.31564082290128,0.1105,51.5763
00:57:43,59050,-0.46440840205693873,51.403176328772396,0.1105,51.5763
00:28:36,25623,0.01796757333971921,51.42176789415314,0.1105,51.5763
00:09:47,8618,0.041054761570914644,51.57203925221859,0.1105,51.5763
00:17:26,16985,0.05225428656318071,51.662169659994476,0.1105,51.5763
00:27:06,23801,-0.23022987145303878,51.67351250608264,-0.1205,51.5225
00:33:48,28765,-0.45013491188224114,51.40687424715005,-0.1205,51.5225
00:30:04,21974,-0.14654436490947953,51.3484913576594,-0.1205,51.5225
00:32:10,27227,-0.008072864901395804,51.703126122426106,-0.1205,51.5225
00:18:03,13078,-0.2491063295145915,51.57726956684337,-0.1205,51.5225
00:40:33,31707,0.07159012276436733,51.32784436803245,-0.1205,51.5225
00:43:19,40251,0.24493723454513666,51.32902533416197,-0.1205,51.5225
00:12:33,7725,-0.04608459771896345,51.48768872684335,-0.1205,51.5225
00:34:01,30534,0.1532631693892334,51.66111811110043,-0.1205,51.5225
00:25:24,19665,0.07916018965026145,51.45943447884411,-0.1205,51.5225
00:34:26,29041,-0.27307370699753764,51.676301043662164,-0.086944,51.503333
00:03:53,2682,-0.10807833906610087,51.48901727003456,-0.086944,51.503333
00:31:45,28961,-0.291053153337017,51.33290024143802,-0.086944,51.503333
00:30:38,27836,-0.35141517663515265,51.39020283223209,-0.086944,51.503333
00:33:36,28398,-0.40595697497442357,51.41720866839144,-0.086944,51.503333
00:33:06,29255,0.12579040247095913,51.34069409949419,-0.086944,51.503333
00:35:18,32449,-0.3230420303285112,51.298765177097614,-0.086944,51.503333
00:25:56,20268,-0.3365939824578535,51.45352679722632,-0.086944,51.503333
00:34:32,29777,0.1391490753705687,51.32770796470587,-0.086944,51.503333
00:27:55,23750,-0.2562086314933023,51.369347358311444,-0.086944,51.503333
00:27:17,20953,-0.09752757934088019,51.387091194840046,-0.2369,51.5163
00:10:56,7513,-0.16887055013782765,51.54614032120374,-0.2369,51.5163
00:43:14,37774,0.20122975959938055,51.420586158849254,-0.2369,51.5163
00:28:35,31298,-0.3985870997563672,51.702851225751324,-0.2369,51.5163
00:29:15,23069,-0.3958920168670121,51.39662609763594,-0.2369,51.5163
00:13:57,11641,-0.35672190808706417,51.547119120537445,-0.2369,51.5163
00:26:59,28601,-0.3792232837370544,51.68909474584784,-0.2369,51.5163
00:09:14,7347,-0.1415276158593618,51.52538248502072,-0.2369,51.5163
00:43:39,38433,0.22036566297462662,51.55218413492147,-0.2369,51.5163
00:08:55,5106,-0.21308120776396933,51.482837429304965,-0.2369,51.5163
00:50:00,53572,0.06315742915060646,51.51214966499409,-0.483,51.607
00:27:22,27533,-0.2683234079146426,51.47113703391254,-0.483,51.607
01:11:40,99862,0.09162312233553122,51.33957634070689,-0.483,51.607
00:36:14,41999,-0.3349897330206599,51.38276640902173,-0.483,51.607
00:44:05,40909,-0.08443098810619676,51.42511253283016,-0.483,51.607
00:53:01,55075,0.1671987013819683,51.569582254101455,-0.483,51.607
01:06:01,99638,0.1183121558132631,51.324669273645995,-0.483,51.607
00:24:50,25941,-0.2961422442826601,51.47335114966535,-0.483,51.607
00:48:36,44876,-0.016527880320216792,51.44999118385539,-0.483,51.607
00:54:42,71243,0.20680558925983022,51.69361797117826,-0.483,51.607
00:27:41,26935,-0.46889444620424686,51.51645043668149,-0.14973,51.51968
00:26:42,20086,-0.18045854408640322,51.66617798743792,-0.14973,51.51968
00:26:34,21332,0.11156953037178091,51.52993707190494,-0.14973,51.51968
00:24:27,18777,-0.09769323357613591,51.642349231285294,-0.14973,51.51968
00:34:05,29026,0.18060004993185536,51.60015925213271,-0.14973,51.51968
00:11:31,7739,-0.07585856749995495,51.49503713938588,-0.14973,51.51968
00:10:42,7780,-0.21254985728455805,51.48265700674566,-0.14973,51.51968
00:25:10,16248,-0.037875179235338785,51.42689151438723,-0.14973,51.51968
00:30:30,27850,-0.4670880341961149,51.59529829931348,-0.14973,51.51968
00:25:22,20337,-0.22097853665473804,51.3865907422666,-0.14973,51.51968
00:42:54,44894,0.0023794596459904005,51.6466749596031,-0.461111,51.525833
00:26:08,28065,-0.1782022002533935,51.603205992195264,-0.461111,51.525833
00:23:12,26258,-0.4669158993008174,51.38235552616929,-0.461111,51.525833
00:59:15,80219,0.18193921842094557,51.639122997712,-0.461111,51.525833
00:50:23,71496,-0.0011555718768491152,51.29866993331313,-0.461111,51.525833
00:29:28,43183,-0.29749719562744276,51.31179514282473,-0.461111,51.525833
00:11:33,8547,-0.41816605459531425,51.58054406653725,-0.461111,51.525833
00:34:50,30903,-0.20564924990850397,51.36394393455207,-0.461111,51.525833
00:31:31,28268,-0.2578365064100558,51.37166185509237,-0.461111,51.525833
00:33:59,46475,-0.2566028107617484,51.32601867582889,-0.461111,51.525833
00:35:06,35948,-0.4001420769614693,51.672470949029204,-0.04831,51.55041

